Name,Link
WineRelease.com Home,/
"",/
Home Page,/index.html
Winery List,/Winery_List/Winery_List.html
Winery Mailing Lists,/WinerySponsors/WineryNewsletters.php
Previous Wine Release Dates,Past_Releases/Previous_dates.html
Previous Newsletters,Past_Newsletters/Previous_newsletters.html
FAQ,/faq.html
Other,/Other.html
November 2022,https://www.winerelease.com/Retail_Wine_Release_Sheets/2022/November_2022_Wine_Releases.pdf
December 2022,https://www.winerelease.com/Retail_Wine_Release_Sheets/2022/December_2022_Wine_Releases.pdf
January 2023,https://www.winerelease.com/Retail_Wine_Release_Sheets/2023/January_2023_Wine_Releases.pdf
Addax,https://www.WineRelease.com/WineryInfo/Addax_wine_releases.html
Ankeny Vineyard,https://www.WineRelease.com/WineryInfo/Ankeny_Vineyards_Winery_wine_releases.html
Baca Wines,https://www.WineRelease.com/WineryInfo/Baca_Wines_wine_releases.html
Calcareous Vineyard,https://www.WineRelease.com/WineryInfo/Calcareous_Vineyard_wine_releases.html
Cameron Hughes Wine,https://www.WineRelease.com/WineryInfo/chwine.html
Castoro Cellars,https://www.WineRelease.com/WineryInfo/0000473.html
Devium,https://www.WineRelease.com/WineryInfo/Devium_wine_releases.html
Di Costanzo,https://www.WineRelease.com/WineryInfo/Di_Costanzo_wine_releases.html
Dobbes Family Estate,https://www.WineRelease.com/WineryInfo/Dobbes_Family_Estate_wine_releases.html
Doren Wines,https://www.WineRelease.com/WineryInfo/Doren_Wines_wine_releases.html
Ã‰cluse Wines,https://www.WineRelease.com/WineryInfo/eclusewines.html
Extradimensional Wine Co. Yeah!,https://www.WineRelease.com/WineryInfo/Extradimensional_Wine_Co_Yeah_wine_releases.html
Foursight Wines,https://www.WineRelease.com/WineryInfo/Foursight_Wines_wine_releases.html
Fritz Underground Winery,https://www.WineRelease.com/WineryInfo/0000079.html
Ghost Horse World,https://www.WineRelease.com/WineryInfo/Ghost_Horse_World_wine_releases.html
Heitz Cellars,https://www.WineRelease.com/WineryInfo/0000025.html
Iron Horse Vineyards ,https://www.WineRelease.com/WineryInfo/Iron_Horse_Vineyards__wine_releases.html
Kerr Cellars,https://www.WineRelease.com/WineryInfo/Kerr_Cellars_wine_releases.html
Larson Family Winery,https://www.WineRelease.com/WineryInfo/Larson_Family_Winery_wine_releases.html
Lynmar Estate,https://www.WineRelease.com/WineryInfo/0000465.html
MacRostie Winery,https://www.WineRelease.com/WineryInfo/0000455.html
Pax Wine Cellars,https://www.WineRelease.com/WineryInfo/Paxwinecellars.html
Peake Ranch,https://www.WineRelease.com/WineryInfo/Peake_Ranch_wine_releases.html
Reeve Wines,https://www.WineRelease.com/WineryInfo/Reeve_Wines_wine_releases.html
Robert Biale Vineyards,https://www.WineRelease.com/WineryInfo/0000038.html
St. Clair Brown Winery,https://www.WineRelease.com/WineryInfo/St_Clair_Brown_Winery_wine_releases.html
Trahan Winery,https://www.WineRelease.com/WineryInfo/Trahan_Winery_wine_releases.html
Trinitas Cellars,https://www.WineRelease.com/WineryInfo/Trinitas_Cellars_wine_releases.html
Vinoce,https://www.WineRelease.com/WineryInfo/Vinoce_wine_releases.html
Ankeny Vineyard,https://www.WineRelease.com/WineryInfo/Ankeny_Vineyards_Winery_wine_releases.html
Iron Horse Vineyards ,https://www.WineRelease.com/WineryInfo/Iron_Horse_Vineyards__wine_releases.html
Lobo Wines,https://www.WineRelease.com/WineryInfo/Lobo_Wines_wine_releases.html
McGrail Vineyards and Winery,https://www.WineRelease.com/WineryInfo/McGrail_Vineyards_and_Winery_wine_releases.html
Myriad Cellars,https://www.WineRelease.com/WineryInfo/Myriad_Cellars_wine_releases.html
Page Wine Cellars,https://www.WineRelease.com/WineryInfo/PageWine.html
Parra Wine Co,https://www.WineRelease.com/WineryInfo/Parra_Wine_Co_wine_releases.html
Perliss Vineyards,https://www.WineRelease.com/WineryInfo/Perliss_Vineyards_wine_releases.html
Quivet Cellars,https://www.WineRelease.com/WineryInfo/Quivet_Cellars_wine_releases.html
Silver Wines,https://www.WineRelease.com/WineryInfo/Silver_Wines_wine_releases.html
Villa Creek Cellars,https://www.WineRelease.com/WineryInfo/Villa_Creek__wine_releases.html
Villa Ragazzi,https://www.WineRelease.com/WineryInfo/Villa_Ragazzi_wine_releases.html
Ankeny Vineyard,https://www.WineRelease.com/WineryInfo/Ankeny_Vineyards_Winery_wine_releases.html
Cobden Wini,https://www.WineRelease.com/WineryInfo/Cobden_Wini_wine_releases.html
Donedei Wines,https://www.WineRelease.com/WineryInfo/Donedei_wine_releases.html
Filomena Wine Co.,https://www.WineRelease.com/WineryInfo/Filomena_wine_releases.html
Fulcrum Wines,https://www.WineRelease.com/WineryInfo/Fulcrum_Wines_wine_releases.html
Iron Horse Vineyards ,https://www.WineRelease.com/WineryInfo/Iron_Horse_Vineyards__wine_releases.html
Jean Edwards Cellars,https://www.WineRelease.com/WineryInfo/jeanedwardscellars.html
Jones Family Vineyards,https://www.WineRelease.com/WineryInfo/0000697.html
Kanzler Vineyards,https://www.WineRelease.com/WineryInfo/Kanzler_Vineyards_wine_releases.html
KrisTodd Vineyards,https://www.WineRelease.com/WineryInfo/KrisTodd_Vineyards_wine_releases.html
Lewis Cellars,https://www.WineRelease.com/WineryInfo/0002191.html
Lobo Wines,https://www.WineRelease.com/WineryInfo/Lobo_Wines_wine_releases.html
Majuscule Wine,https://www.WineRelease.com/WineryInfo/Majuscule_Wine_wine_releases.html
Papapietro Perry Winery,https://www.WineRelease.com/WineryInfo/Papapietro.html
Parra Wine Co,https://www.WineRelease.com/WineryInfo/Parra_Wine_Co_wine_releases.html
Paul Mathew Vineyards,https://www.WineRelease.com/WineryInfo/Paul_Mathew_Vineyards_wine_releases.html
Perliss Vineyards,https://www.WineRelease.com/WineryInfo/Perliss_Vineyards_wine_releases.html
Saviah Cellars,https://www.WineRelease.com/WineryInfo/saviahcellars.html
Stormy Weather Wine,https://www.WineRelease.com/WineryInfo/Stormy_Weather_Wine_wine_releases.html
Tres Perlas,https://www.WineRelease.com/WineryInfo/Tres_Perlas_wine_releases.html
Villa Ragazzi,https://www.WineRelease.com/WineryInfo/Villa_Ragazzi_wine_releases.html
Ankeny Vineyard,https://www.WineRelease.com/WineryInfo/Ankeny_Vineyards_Winery_wine_releases.html
Fulcrum Wines,https://www.WineRelease.com/WineryInfo/Fulcrum_Wines_wine_releases.html
Homefire Cellars,https://www.WineRelease.com/WineryInfo/Homefire.html
Lewis Cellars,https://www.WineRelease.com/WineryInfo/0002191.html
McKahn Family Cellars,https://www.WineRelease.com/WineryInfo/McKahn_Family_Cellars_wine_releases.html
Parra Wine Co,https://www.WineRelease.com/WineryInfo/Parra_Wine_Co_wine_releases.html
Patent Wines,https://www.WineRelease.com/WineryInfo/Patent_Wines_wine_releases.html
Ankeny Vineyard,https://www.WineRelease.com/WineryInfo/Ankeny_Vineyards_Winery_wine_releases.html
Cobden Wini,https://www.WineRelease.com/WineryInfo/Cobden_Wini_wine_releases.html
Homefire Cellars,https://www.WineRelease.com/WineryInfo/Homefire.html
Lewis Cellars,https://www.WineRelease.com/WineryInfo/0002191.html
Lobo Wines,https://www.WineRelease.com/WineryInfo/Lobo_Wines_wine_releases.html
Parra Wine Co,https://www.WineRelease.com/WineryInfo/Parra_Wine_Co_wine_releases.html
Patent Wines,https://www.WineRelease.com/WineryInfo/Patent_Wines_wine_releases.html
Quivet Cellars,https://www.WineRelease.com/WineryInfo/Quivet_Cellars_wine_releases.html
Sciandri Family Vineyards,https://www.WineRelease.com/WineryInfo/Sciandri_Family_Vineyards_wine_releases.html
Iron Horse Vineyards ,https://www.WineRelease.com/WineryInfo/Iron_Horse_Vineyards__wine_releases.html
Lewis Cellars,https://www.WineRelease.com/WineryInfo/0002191.html
Paul Mathew Vineyards,https://www.WineRelease.com/WineryInfo/Paul_Mathew_Vineyards_wine_releases.html
Penner-Ash Wine Cellars,https://www.WineRelease.com/WineryInfo/Penner-Ash.html
Parra Wine Co,https://www.WineRelease.com/WineryInfo/Parra_Wine_Co_wine_releases.html
Cobden Wini,https://www.WineRelease.com/WineryInfo/Cobden_Wini_wine_releases.html
Jones Family Vineyards,https://www.WineRelease.com/WineryInfo/0000697.html
Lewis Cellars,https://www.WineRelease.com/WineryInfo/0002191.html
Villa Creek Cellars,https://www.WineRelease.com/WineryInfo/Villa_Creek__wine_releases.html
Ankeny Vineyard,https://www.WineRelease.com/WineryInfo/Ankeny_Vineyards_Winery_wine_releases.html
Iron Horse Vineyards ,https://www.WineRelease.com/WineryInfo/Iron_Horse_Vineyards__wine_releases.html
Kanzler Vineyards,https://www.WineRelease.com/WineryInfo/Kanzler_Vineyards_wine_releases.html
Lewelling Vineyards,https://www.WineRelease.com/WineryInfo/0002192.html
Lewis Cellars,https://www.WineRelease.com/WineryInfo/0002191.html
Lobo Wines,https://www.WineRelease.com/WineryInfo/Lobo_Wines_wine_releases.html
Parra Wine Co,https://www.WineRelease.com/WineryInfo/Parra_Wine_Co_wine_releases.html
Patent Wines,https://www.WineRelease.com/WineryInfo/Patent_Wines_wine_releases.html
Ross Ranch,https://www.WineRelease.com/WineryInfo/Ross_Ranch_wine_releases.html
Sciandri Family Vineyards,https://www.WineRelease.com/WineryInfo/Sciandri_Family_Vineyards_wine_releases.html
Ankeny Vineyard,https://www.WineRelease.com/WineryInfo/Ankeny_Vineyards_Winery_wine_releases.html
Fulcrum Wines,https://www.WineRelease.com/WineryInfo/Fulcrum_Wines_wine_releases.html
KrisTodd Vineyards,https://www.WineRelease.com/WineryInfo/KrisTodd_Vineyards_wine_releases.html
Lewis Cellars,https://www.WineRelease.com/WineryInfo/0002191.html
McKahn Family Cellars,https://www.WineRelease.com/WineryInfo/McKahn_Family_Cellars_wine_releases.html
Parra Wine Co,https://www.WineRelease.com/WineryInfo/Parra_Wine_Co_wine_releases.html
Scherrer Winery,https://www.WineRelease.com/WineryInfo/Scherrer_Winery_wine_releases.html
Arbios Cellars,https://www.arbioscellars.com/
Bacio Divino,https://www.baciodivino.com
Bonaccorsi Wine Company,https://www.bonawine.net/
Cellars33,https://www.cellars33.com/
Gamba Vineyards and Winery,https://gambawinery.com/
Herb Lamb Vineyards,https://www.herblambvineyard.com
Lucia Vineyards,https://www.luciavineyards.com/
Parry Cellars,https://www.parrycellars.com
Rocca Family Vineyards,https://www.roccawines.com
School House Vineyard,https://www.schoolhousevineyard.com
Snowden Vineyards,https://www.snowdenvineyards.com/
Selene Wines,https://www.selenewines.com
Seven Stones Winery,https://www.sevenstoneswinery.com/
Stein Family Wines,https://www.steinfamilywines.com/
Steltzner Vineyards,https://www.steltzner.com/
VIADER Vineyards & Winery,https://www.viader.com
user agreement,https://www.WineRelease.com/useragreement.html
WineRelease.com Home,/
